first_name,last_name,state,response
Karina,Wressell,New York City,1
Benni,Bengochea,California,1
Emmye,Chatell,California,1
Brear,Tamburi,California,4
Whitman,Stanbridge,California,4
Samaria,Cunnell,Cali,4
Jdavie,Darrigone,Calfornia,3
Laverne,Klemencic,NYC,3
Ferdinanda,O'Fallon,Newyork,1
Lydon,Zoppie,Califronia,1
Charla,Kohneke,New York City,1
Branden,Bremley,Newyork,2
Darnell,Eagger,California,2
Thom,Tremain,California,5
Talia,Peegrem,Calefornie,5
Rodie,Linnett,Calefornie,4
Crawford,Beggini,Newyork,2
Elfrieda,Arkwright,Cali,1
Goldy,Cordingly,New York,2
Idalia,Marchiso,California,5
Cecil,Pyle,Calfornia,4
Sheppard,Wane,Calfornia,1
Hyacinthe,Dawidowitsch,California,2
Mendy,Dadge,Calfornia,5
Aubert,Fitzsymon,NYC,3
Justino,Kraut,New York City,2
Percival,Mahy,Cali,2
Ingemar,Lorenz,California,4
Jena,Rubartelli,NYC,5
Tandi,Puddephatt,California,2
Hadleigh,Skingley,Newyork,5
Mirella,Burke,Calfornia,5
Curtice,Motion,Califronia,5
Vally,Bartlosz,Newyork,5
Ric,Flear,Califronia,4
Mureil,Dubarry,Newyork,3
Ajay,Lennox,New York City,1
Hilarius,Laflin,NYC,2
Selinda,Neligan,Newyork,3
Tiphani,Barbey,Califronia,5
Karim,Phibb,New York,5
Che,Vale,Califronia,4
Guthrie,Huitson,Newyork,5
Eilis,Kidner,Cali,1
Annalise,Rutherford,New York,4
Quill,Ganderton,Calfornia,4
Ursa,Champneys,New York,5
Bryn,Kik,Newyork,3
Thibaut,Hlavac,New York City,3
Paxon,Gaskoin,Calefornie,3
Stanton,Shurmore,Newyork,3
Briny,Cleminshaw,Newyork,1
Eleanora,Charley,Califronia,1
Gisella,Flecknell,New York City,5
Westbrook,Hollington,Calfornia,5
Rosanna,Cotton,California,4
Bell,Dominichetti,California,3
Ugo,Dudny,Newyork,3
Ambur,Iacovolo,Califronia,5
Cort,Savaage,Newyork,3
Melantha,Gergler,Califronia,1
Trudey,Scamerdine,New York,4
Blanche,Jaskowicz,Newyork,3
Maddy,de Chastelain,Cali,4
Rosemonde,Trees,Cali,1
Yoshi,Christian,Califronia,5
Sabine,Culwen,NYC,2
Marchelle,Lyal,California,3
Amalia,Coggins,Califronia,4
Stanton,BURWIN,NYC,1
Charity,Doddemeede,Calefornie,3
Natasha,Acomb,New York,2
Charil,Cruise,Newyork,1
Webster,Drury,California,1
Chicky,Maclean,Califronia,1
Janean,Keats,California,5
Colby,Franzolini,Newyork,4
Michel,Mussett,Calfornia,5
Buckie,Pentony,Califronia,5
Filippo,Bettinson,California,3
Aurea,Larkkem,California,3
Joletta,Corbridge,NYC,5
Greggory,Font,New York,1
Brittaney,Henker,Cali,5
Lynnea,Simons,Calfornia,3
Aurthur,Dy,Calfornia,5
Alyson,Kieff,Cali,1
Meir,Orgill,Calefornie,5
Lammond,Creech,Calfornia,3
Elsy,Wort,New York,4
Lee,Waud,Calefornie,4
Boothe,Randerson,California,3
Emmalee,Speir,Newyork,4
Vitoria,Kleinsmuntz,Califronia,1
Susannah,Roo,Califronia,5
Kareem,Nugent,New York City,1
Tammy,Snelgar,NYC,4
Jinny,Larrie,NYC,1
Virgil,Loudyan,New York City,3
Gawen,Denizet,NYC,2
Faydra,Showell,Cali,1
Myrlene,Cometti,Calfornia,3
Vail,Beldam,New York City,1
Cyndy,Newsham,NYC,3
Feodor,Maguire,New York City,3
Ara,Hamil,California,5
Pavia,McSkeagan,Newyork,2
Binky,Vowell,Calfornia,1
Evey,Clapson,Calefornie,3
Ingmar,Losbie,New York,4
Carma,O' Mullane,Cali,2
Clarke,De Luna,Calefornie,3
Phyllida,Sommerscales,Newyork,3
Raul,Gatsby,Calfornia,1
Batholomew,Gethyn,New York City,3
Cello,Sanger,Cali,1
Koo,Barkley,New York City,1
Yancy,Summerill,California,3
Svend,Nelissen,Califronia,1
Carolus,Van der Kruis,Calfornia,2
Arlana,Lambertz,NYC,4
Wynn,Woodburne,Califronia,4
Alasdair,Linn,Cali,3
Lucretia,Abbatt,New York City,3
Sandi,Danihel,Newyork,1
Nancey,Coultas,Newyork,1
Gilemette,Bruty,New York City,3
Bonita,Giorgietto,Cali,4
Cecilia,Goghin,New York City,4
Allister,Goulding,New York City,4
Cordi,Tampen,Calfornia,2
Aguste,Sammonds,New York,4
Kamila,Brosi,Calefornie,1
Kassey,Willford,Newyork,5
Daisie,O'Connolly,Calfornia,4
Cyrillus,Skaid,Calfornia,3
Norri,Rivel,NYC,5
Mignon,Adey,New York City,2
Conn,Sterrick,Cali,4
Andriana,Groarty,Calfornia,5
Brittaney,Cattermull,New York City,1
Monika,Cogan,NYC,4
Brunhilda,Fontin,Califronia,4
Lolly,Wigg,Califronia,1
Adriano,Libbey,Newyork,3
Baxy,Newton,Calefornie,2
Danny,Kitchenman,NYC,5
Ki,Glanister,Cali,3
Eolanda,Rock,Cali,5
Lauretta,Danielis,Calfornia,1
Muriel,Flinders,New York,5
Maddy,Bortolini,NYC,5
Janina,MacKee,Cali,2
Camel,Petche,New York City,4
Trudie,Chichgar,Califronia,1
Trixie,Issacof,New York City,1
Verge,Tschierse,Cali,1
Salmon,Di Giacomettino,Califronia,5
Ceil,O'Dare,Calefornie,5
Veronike,Petrello,Califronia,2
Sherwynd,Spellessy,Calefornie,1
Margarete,Le Borgne,Califronia,1
Bernadette,Garton,New York City,3
Stesha,Simononsky,NYC,4
Craggy,Ambrogi,Califronia,4
Ram,Wannell,Cali,5
Gretchen,Iskowicz,NYC,3
Darrel,Varden,California,5
Bianka,Barling,Cali,1
Ambrosio,Giff,Cali,4
Marigold,Ridhole,Calfornia,5
Arnoldo,Scaddon,Calfornia,3
Sammie,Riddington,New York,2
Chelsae,Witsey,Calefornie,3
Mela,Tembridge,California,1
Bartholemy,Crumly,Califronia,2
Valentina,Milier,Cali,2
Nyssa,Hurton,California,1
Sherill,Celli,NYC,2
Trina,Tucker,Newyork,2
Janis,Bicker,California,4
Rutger,Rothchild,Newyork,5
Abramo,Heathwood,California,2
Lester,Fuchs,Calefornie,2
Jocelin,Gleader,NYC,3
Stefa,Haythornthwaite,New York,2
Nicki,Coultous,Califronia,2
Lynelle,Inker,Califronia,2
Cristie,Baline,Calefornie,5
Jeanne,Tomlett,New York City,5
Chan,Linger,New York City,4
Millard,Millwall,Newyork,5
Michel,Betje,New York,1
Carmine,McBeth,Califronia,3
Bianca,Chadburn,Calefornie,4
Veronica,Spooner,Cali,3
Barbie,Mathie,California,2
Karlotte,Grunwald,Calfornia,1
Raddy,Ferenczy,Calfornia,1
Siana,Stathor,Newyork,4
Ode,Golsthorp,New York,3
Ralph,Rizzardi,Califronia,4
Mychal,Gosnoll,California,3
Bentley,Forton,Calfornia,4
Godwin,Kellington,Calefornie,2
Darby,Darwen,NYC,4
Dacie,Sevior,New York City,5
Lilith,Cossell,Cali,1
Damaris,Graveney,New York City,3
Babbette,Aizkovitch,Newyork,2
Stillman,Wolfe,Calefornie,1
Corene,Noke,Cali,2
Barny,Elfleet,Calfornia,4
Rowe,Custy,Califronia,4
Mattias,Michin,NYC,5
Benyamin,Kerne,Cali,4
Adelaida,Kerwin,Calefornie,5
Gerrie,Aim,Califronia,3
Ruthy,Boomes,California,1
Bonnibelle,Cleeves,Califronia,2
Desdemona,Bodega,NYC,2
Kaila,Gasgarth,Cali,5
Pembroke,Buffey,Cali,5
Berenice,Seals,Cali,2
Bobbi,Philipsohn,Cali,5
Shell,Edelheid,NYC,5
Brander,Swyre,New York City,2
Orelia,Trahearn,California,3
Edwin,Drinkhall,Califronia,2
Beatrice,Pracy,NYC,3
Ree,Demelt,Califronia,1
Ruben,Simoncelli,New York,4
Mayne,Kenlin,Califronia,2
Zabrina,Kinset,Califronia,3
Guillemette,Redington,California,5
Maynard,Taudevin,Calefornie,2
Gilbertine,Wadmore,Califronia,4
Meade,Alejandre,Calefornie,1
Babbie,Goodson,Newyork,5
Georgie,Scorah,Newyork,2
Robinson,Lambal,Newyork,5
Clarie,Thorius,Califronia,4
Hersh,Maddicks,Calfornia,5
Robin,Bartley,Calfornia,3
Isidor,Ding,New York City,1
Valli,Collison,New York City,3
Tabby,Seawright,NYC,4
Claudie,Pankhurst.,Calefornie,4
Jillana,Rattery,Calefornie,3
Brantley,Helis,Cali,3
Ladonna,Hallett,New York City,2
Corabel,O'Roan,Newyork,5
Clyde,Jakeway,New York,3
Niall,Bardwell,NYC,3
Gabriell,Walczynski,California,5
Boris,MacShirrie,New York,3
Carol-jean,Kment,California,4
Carson,Yeudall,Calefornie,3
Tanya,Glassup,New York,3
Sarge,Gobolos,New York,2
Jaclin,Decort,New York,3
Ariana,Dobby,NYC,3
Fidela,Coxon,Cali,1
Kissiah,Millichap,Cali,3
Cesya,Hutley,New York,5
Cyril,Baigrie,Calfornia,5
Barnabas,Spurgeon,New York,1
Tomlin,Bartosek,NYC,1
Lilah,Alflatt,New York City,3
Bo,Sames,Califronia,1
Drusy,Matysik,New York,3
Natala,Pietranek,California,5
Mortimer,Gittens,Newyork,3
Tootsie,Madden,Calefornie,5
Aharon,Walklott,NYC,5
Bail,Churchley,Newyork,1
Mort,Bryceson,Calfornia,5
Gill,Chiene,Califronia,5
Dilly,Iiannone,California,5
Suzanne,Simmons,Cali,4
Andriette,Tremblet,Newyork,3
Riane,Rowbottam,Califronia,5
Abra,McSaul,Newyork,2
Thorsten,Graeser,Calfornia,2
Ruthy,Beardwell,Newyork,4
Huntlee,Antuoni,New York City,3
Boyd,Baszkiewicz,New York City,2
Tracey,Merry,Calefornie,4
Bendicty,Bowditch,NYC,2
Eugen,Richarson,New York,2
Denney,Humphery,Calfornia,2
Desiri,Knudsen,New York City,1
Edouard,Ledford,NYC,1
Beverie,Fort,California,1
Zebulen,Bodle,Newyork,2
Chan,Maccrae,California,3
Huberto,Watkin,Newyork,1
Darius,Harroway,Califronia,1
Mirna,McPaike,Calfornia,1
Christin,Meadmore,New York,5
Any,Joynes,Calefornie,4
Tami,Bordis,Cali,5
Hildagard,Walburn,Calfornia,1
Chic,Pavitt,California,5
Madalyn,Hiom,Calfornia,3
Cammy,Daniello,Newyork,4
Amery,Nelthorp,New York City,2
Kennie,Luckin,Califronia,5
Brande,Moston,New York,4
Madalyn,Fansy,Cali,5
Othilia,MacNamee,Newyork,4
Ira,Tenwick,Cali,4
Jessalyn,Ellesworth,California,4
Ardelis,Napleton,New York,3
Arabella,Bulward,Newyork,4
Danit,Hearle,Newyork,4
Sibeal,Guild,NYC,4
Arlana,Panniers,Calfornia,3
Angelina,Elijahu,NYC,1
Fanya,Cockshoot,NYC,1
Nina,Rushby,Newyork,2
Claudine,Giorgione,New York City,3
Boony,Dudbridge,NYC,4
Dalt,Barbera,Calefornie,5
Boone,Barnett,New York City,4
Lezley,Eva,Califronia,1
Dani,Alpes,Calefornie,2
Nikolaus,Ricardou,Newyork,5
Marsh,Wetton,Califronia,5
Joanie,Stirton,Calfornia,5
Llywellyn,O'Lenane,Califronia,1
Fidel,Jaqueminet,NYC,1
Kaye,Aspden,Califronia,3
Curtice,Lorman,NYC,5
Arthur,Brech,Newyork,5
Giffy,Gaskins,California,1
Ches,Camell,New York City,1
Oberon,Daingerfield,California,1
Nani,Cauldfield,Calfornia,4
Arabela,Deare,Calfornia,2
Cristian,Vanyushin,NYC,4
Carleton,Meffan,Calefornie,3
Terrijo,Galloway,Newyork,3
Vaclav,Whightman,Califronia,1
Cati,Finnick,NYC,4
Leone,Lince,New York City,4
Bradley,Yashunin,Newyork,4
Lou,Dunmore,Califronia,5
Aile,Westrope,Cali,3
Ban,Spadari,Califronia,2
Codi,Jouanot,California,1
Dean,Hinks,Calfornia,3
Nadya,McGowan,NYC,4
Ario,McGavin,California,5
Yasmeen,Mulvey,New York City,1
Patty,Coggles,Newyork,5
Matti,Jarry,New York City,5
Celinda,Jollands,New York City,4
Timmy,Khotler,Califronia,2
Lemmie,Loy,Newyork,5
Kipper,Trenaman,Califronia,5
Denny,Letterese,Califronia,4
Riannon,Illiston,Cali,3
Jennica,Garwell,New York,3
Ransell,Brunicke,California,5
Saunderson,Dofty,California,4
Aggi,Frick,California,3
Abner,Imlacke,New York,1
Del,Minnock,Calfornia,1
Dorry,Greve,Califronia,1
Brittani,Edgworth,NYC,3
Brnaby,Badham,Cali,1
Thorsten,Hengoed,New York,5
Ursala,Warlock,NYC,5
Verla,Neubigin,Cali,3
Muriel,Simenon,Calfornia,1
Malorie,Rubery,NYC,1
Giulio,Bennion,Cali,3
Osborn,McGuane,New York City,3
Beverlee,Jammes,Newyork,4
Bertrand,Cornfoot,Califronia,5
Dona,Cadden,Calfornia,1
Stanislas,Tutt,NYC,2
Chaddy,Rickaert,Calefornie,4
Brand,Staves,Calfornia,5
Ailsun,Choldcroft,Calfornia,2
Randy,Blurton,New York City,4
Lew,Charrisson,Cali,2
Josefina,Bortoluzzi,Newyork,2
Winona,Jobbins,Newyork,3
Malachi,Caswall,Calefornie,1
Milton,Verryan,Calefornie,2
Ermin,Chaize,California,3
Noelle,Feldklein,Newyork,2
Garrek,Baggalley,Cali,2
Iosep,Josskoviz,Calfornia,4
Sholom,Blaydes,Califronia,1
Currie,Baford,Cali,4
Ianthe,Letchmore,Cali,1
Price,Findlater,Calfornia,1
Sheree,Wagon,Cali,5
Monroe,Filgate,NYC,2
Phyllys,Marzello,New York City,4
Skippie,Bysshe,New York City,4
Robina,Birtley,New York City,1
Tasia,Biford,California,1
Albrecht,Ewbanche,Calefornie,2
Nancey,Mabley,Cali,4
Tabor,Prendergrass,Calefornie,3
Floris,Hyslop,New York,2
Joannes,McGillicuddy,Califronia,2
Adria,Lorente,Cali,1
Audi,Lucks,New York City,4
Reinwald,Bills,Calfornia,2
Nerti,Rickesies,Calefornie,2
Percival,Garlic,Cali,5
Bennett,Seviour,California,2
Yard,Greser,Newyork,3
Liesa,Scroggie,Calfornia,5
Alexia,Keppy,NYC,5
Drusie,Brasener,California,5
Georgetta,Angear,California,1
Nonna,Brymner,New York City,1
Valaria,Trevaskus,NYC,2
Angelika,Tilbey,New York City,5
Terri,Aleksahkin,California,5
Eyde,Casserley,Calefornie,4
Noami,Tatford,New York City,3
Dewitt,Gostling,California,4
Harlie,Grevatt,Calfornia,1
Liliane,Endon,New York City,3
Marylee,Feedham,Cali,3
Flinn,Pottery,Newyork,3
Angelina,Kubin,Califronia,5
Alfredo,Loftin,Calfornia,2
Britt,Constanza,New York City,5
Saxe,Bertson,California,3
Dione,Matthieson,NYC,5
Adel,Beric,New York,1
Bartlet,Ethelston,Cali,2
Trixie,Loughran,Califronia,4
Evin,Lucks,NYC,4
Felice,Resun,Newyork,3
Yves,Gyrgorcewicx,Newyork,4
Elka,Tunnah,Cali,4
Irene,Loache,Calefornie,3
Aggi,Dog,Califronia,3
Krishna,Mahony,Cali,3
Elayne,Millhill,Califronia,1
Dre,Zanelli,Califronia,5
Hadleigh,Grimmert,Califronia,3
Durante,Schoales,New York,2
Paulie,Buessen,Calfornia,4
Leandra,Foss,Cali,2
Frederique,Chapelhow,NYC,1
Oliver,Brearty,Calfornia,4
Koralle,Hindenburg,Newyork,1
Terrell,Culwen,Calefornie,5
Raynor,Polhill,NYC,1
Sheppard,Cullinane,Califronia,3
Mano,Yurygyn,Calefornie,1
Selina,Roll,New York City,4
Wilfrid,Sizzey,California,3
Nataniel,Cuel,NYC,2
Amby,Snodden,Cali,5
Dulcinea,Castro,NYC,2
Lamar,Shuker,Califronia,5
Phoebe,Forlong,NYC,4
Rivi,MacSweeney,Calfornia,3
Federica,Rearie,California,2
Jocelyn,Yeend,California,3
Paloma,Ducker,New York,5
Nissie,Hebditch,Calfornia,4
Maryjane,Rentelll,NYC,1
Monika,Etchingham,NYC,2
Giles,Manzell,NYC,5
Dominick,Beernt,Cali,4
Marita,Fereday,Newyork,3
Nani,Myatt,Calefornie,5
Jehanna,Barnes,Newyork,1
Hurley,Brearley,Newyork,2
Ronny,Bessell,NYC,1
Ewen,Tebboth,Newyork,1
Kendre,Qualtrough,New York,4
Eolanda,Cottell,Newyork,2
Madelyn,Flag,Newyork,4
Lockwood,Grahlman,NYC,4
Marget,Yakov,Cali,4
Teirtza,Tinkler,NYC,1
Nealon,Winfield,NYC,5
Shae,Creeghan,California,2
Marsh,Durrad,Calfornia,2
Romona,Kristof,Calefornie,5
Wynn,Antao,California,2
Roberta,Sole,Cali,3
Tamiko,Fryman,Califronia,3
Carma,Assiratti,New York,1
Doug,Spilsted,Califronia,3
Rolf,Bowton,Calefornie,3
Perkin,Elcoate,Calefornie,2
Geri,Renachowski,New York City,5
Kaspar,Suggey,NYC,5
Sabra,Houliston,Califronia,2
Ellyn,Backhouse,California,1
Gasparo,Galliard,California,2
Darrel,Jenken,Newyork,4
Norean,Botler,New York City,5
Ginger,Stinton,Califronia,1
Gannon,Mossom,Newyork,3
Jami,Maulkin,NYC,5
Claresta,Snooks,Califronia,5
Adeline,Duggan,Calfornia,1
Tresa,Tezure,Newyork,4
Angelique,Yoselevitch,Newyork,5
Scarlett,Pinchen,New York,4
Lolita,Atwater,California,5
Ambrosius,Kee,Califronia,2
Sasha,Marl,Califronia,2
Wells,Milroy,Calfornia,3
Peterus,Lux,Calefornie,1
Nyssa,Bedding,Calefornie,5
Bessy,Sander,New York,5
Dixie,Shitliff,Califronia,2
Hermione,Ettles,California,2
Erinn,Grigs,Cali,4
Ely,Lobbe,Calefornie,1
Alan,Buttery,New York,4
Kiah,Ormston,Newyork,2
Florance,Maccrea,California,2
Alecia,Dallemore,New York City,3
Susanne,Sibbons,Cali,5
Arvie,Venables,California,4
Lemar,Yandle,Calefornie,5
Fania,MacNucator,Califronia,3
Bellina,Cleator,Califronia,1
Adore,Palke,NYC,2
Euell,Barense,Califronia,5
Elicia,Soares,Calfornia,4
Bendix,Urian,New York,3
Raimondo,Faudrie,California,5
Harwilll,Steanson,Cali,3
Leela,Garthside,California,4
Codie,Dunmuir,Calefornie,4
Horatia,Boulder,Calfornia,3
Alric,Behn,Calefornie,3
Anastasie,Sheward,Newyork,4
Millicent,Verring,Calefornie,4
Ashlan,Howey,New York City,2
Burtie,Barnewall,Califronia,4
Roda,Medendorp,California,5
Vincenz,Stillmann,Newyork,4
Gretal,Imlaw,Califronia,2
Shay,Keyho,Cali,2
Jo-ann,Goble,NYC,5
Candy,Shank,New York,4
Jim,Tilby,NYC,2
Astrix,Churchman,California,4
Charlena,Cregeen,New York,1
Kerwin,Stronack,Newyork,4
Barbi,Emlen,Calefornie,3
Marielle,Custed,Calfornia,2
Roberta,Hablot,California,1
Carolan,Hegg,Cali,3
Bianka,Perot,Cali,5
Edlin,Tranmer,New York,1
Savina,Shrimpton,New York City,3
Janna,Walkowski,Cali,5
Tiff,Killigrew,Calefornie,2
Malachi,Coveney,Newyork,2
Aeriel,Poltun,Calfornia,1
Trix,Allgood,New York,3
Matthiew,Wyllt,Calfornia,4
Jeane,Hebblethwaite,Califronia,1
Halley,Traite,Newyork,2
Krissie,Rampage,Cali,5
Garvey,Sponton,NYC,5
Sanders,Dancey,California,5
Carmelle,Kertess,Calefornie,3
Hilton,Gillott,NYC,2
Vanya,McKevin,Cali,2
Jacinda,Rushbury,NYC,3
Brennen,Pember,Newyork,5
Griswold,Mease,Calefornie,2
Jillian,Grzesiewicz,Calfornia,2
Florie,Nussen,California,4
Carmela,Wagstaffe,Calfornia,1
Hanna,Chaster,Newyork,2
Charissa,Godin,Newyork,2
Robin,Aubray,Cali,4
Daren,Gawler,NYC,2
Lenora,Palffrey,Calefornie,1
Ezri,Massenhove,New York,4
Ibby,Winfield,Cali,1
Domini,Jozsika,Calefornie,5
Darlleen,Ellph,New York City,2
Nike,Testin,California,4
Barnabe,Munden,Califronia,1
Martelle,Glanton,NYC,1
Clair,Oliphard,Newyork,3
Gilburt,Tother,NYC,1
Ciro,Sneezum,New York,4
Lynde,Chadd,Califronia,1
Perkin,O'Downe,NYC,3
Kennie,Papa,Calefornie,4
Milli,Convery,California,4
Jenni,Berzins,Cali,5
Zena,Hasted,California,1
Nani,Taffrey,New York City,1
Joly,Morgans,Newyork,2
Joe,Fagence,Calfornia,2
Mabelle,Maddyson,Calefornie,3
Johann,Littrick,Newyork,3
Deloria,Castree,Califronia,4
Cass,Burburough,Newyork,2
Hunfredo,Maro,California,5
Barnabas,Capon,Calefornie,4
Loella,Brecknock,New York,5
Glori,Leaves,New York City,5
Chas,Pessolt,Califronia,3
Stafani,Rochester,New York,3
Myrtle,Lube,New York,2
Molli,Paolazzi,Cali,3
Camala,McDuff,Calefornie,3
Malissia,Rogerson,California,4
Roseanne,Coggin,Newyork,5
Hilliary,Redmond,Calefornie,1
Price,Carlon,New York City,4
Willie,Blatcher,Calefornie,4
Marni,Wilkes,California,3
Monique,Guidelli,Calfornia,3
Hedvige,Du Hamel,Calfornia,5
Uri,Halliburton,Calfornia,5
Elita,Foulger,Calefornie,4
Elfrieda,Ree,Newyork,5
Lyon,Tayt,California,1
Katee,Harlow,Calefornie,5
Rolando,Scoon,NYC,1
Bryant,Slatcher,Calfornia,1
Bonita,Piggin,Califronia,2
Jodee,Toor,Cali,1
Delphine,Roget,Califronia,1
Jeri,McQuilkin,New York,3
Liane,Matyas,California,1
Clem,McNeillie,Cali,4
Gretel,Serjeantson,Cali,2
Denna,Marzelo,New York City,5
Gerry,Bank,New York,3
Tadeas,Ruit,Califronia,4
Sara,Southerns,New York City,2
Teodora,Virr,New York,4
Jarret,Pawson,Cali,3
Ulberto,Ferbrache,Newyork,5
Sashenka,Erbain,California,3
Mariam,Blaydon,Cali,2
Claudianus,Capin,Cali,5
Finley,Rushworth,Cali,1
Haydon,Farfoot,New York City,2
Eleonore,Redmile,Califronia,4
Regen,Ransley,Calfornia,2
Aloysia,Minto,New York,1
Rasia,Turbard,Calfornia,1
Ivan,McAirt,Newyork,5
Lovell,Boller,Cali,2
Pooh,MacCague,Newyork,1
Dorothy,Anglish,New York,5
Morton,Balam,Cali,5
Jilly,Crutchley,Calefornie,5
Ketty,Daubeny,Calefornie,3
Rebeka,Ferrai,Calfornia,2
Osmund,Dummer,Calfornia,3
Jacinthe,Doreward,Cali,5
Del,Lebang,Califronia,4
Sal,Barkly,New York,3
Babs,Trenbey,California,1
Idalia,Mandy,Calfornia,5
Averyl,Noraway,New York City,4
Abdul,Sarl,California,4
Lena,Chattaway,New York,4
Dall,Whittenbury,Newyork,3
Kaylyn,Cottee,Newyork,2
Perry,Espinel,California,4
Claudine,Eary,California,4
Melita,Strangman,California,4
Sol,Hartwell,Newyork,3
Joice,Brundill,Newyork,1
Des,Ruprechter,New York,1
Matthus,Muehler,California,2
Ariella,Wale,Califronia,3
Brana,Luisetti,New York City,5
April,Montier,California,1
Tedd,Greenard,Califronia,4
Kurtis,Camber,Calefornie,4
Brande,Nequest,New York City,3
Netty,Sire,Califronia,2
Norbert,Skinley,NYC,2
Donnamarie,Laguerre,California,1
Rica,Etches,New York City,5
Pablo,Gillum,NYC,5
Wernher,Karpushkin,Calfornia,4
Veda,Howsego,Califronia,1
Barnabas,Rosario,New York,4
Coraline,Antyukhin,Cali,4
King,Nassy,New York City,5
Ami,Hambelton,California,2
Kimmie,Aronowicz,Califronia,3
Marmaduke,Pepye,Calfornia,1
Alphard,Goullee,Cali,5
Thorin,Succamore,Califronia,5
Margit,Scourge,Califronia,5
Constancia,Mallindine,Calfornia,4
Janith,Lanfear,New York City,5
Geneva,Bottini,Califronia,5
Emmie,Lambswood,New York City,4
Genvieve,Cardenoza,NYC,5
Tedda,Theuff,Cali,5
Bert,Pedrozzi,Califronia,1
Alicea,Thowless,NYC,4
Gaylene,Marzellano,Califronia,5
Elbertina,Quinnet,Califronia,1
Haven,Inwood,Calfornia,2
Lovell,Maidlow,New York City,3
Miguela,Baron,Calfornia,4
Aleda,Abbots,Calfornia,1
Eleonore,Nelthorpe,New York City,2
Frederique,Lorman,Calefornie,5
Florencia,Jachimak,Califronia,3
Alexis,Picheford,California,3
Deidre,Jelly,New York City,2
Waverley,Leith,New York,4
Tabbi,Goddman,Cali,5
Merrilee,Wontner,New York City,1
Joseito,Phripp,New York,5
Moina,Bould,New York City,3
Kristyn,Yendall,New York,4
Lyle,Boodell,New York,2
Misha,McLagan,New York City,2
Tandy,Castillon,New York,1
Albertine,Worcs,Calfornia,1
Maure,Derkes,Califronia,2
Amitie,Trenholm,NYC,3
Carroll,Spofforth,Newyork,2
Ashbey,Le Gassick,Calfornia,3
Clevie,Vallantine,California,2
Eva,Middlemass,New York City,2
Elfrida,Westwick,New York,1
Ashleigh,Devorill,California,3
Truman,Clowley,California,1
Barrie,Rubens,Califronia,2
Caterina,Ivankovic,Cali,2
Corliss,Gathercoal,New York City,2
Noland,Hucks,New York,2
Loralie,Boc,Cali,1
Cosetta,Coneybeer,New York,3
Taylor,Jozaitis,New York City,3
Ricoriki,Treleaven,Cali,5
Anny,Baccus,Newyork,5
Abrahan,O'Kielt,New York,5
Sanson,Flatman,California,3
Craggy,Oubridge,New York,4
Britte,Fingleton,Calefornie,3
Melloney,O' Mahony,New York City,2
Boothe,Stooke,New York City,3
Alverta,Giraudat,California,4
Marylou,Tieman,California,4
Micaela,Brinsford,California,3
Vida,Santus,New York City,4
Ted,Guile,Newyork,2
Glori,Fosdyke,New York City,1
Kelsy,Lascell,Calefornie,1
Bibbye,Helkin,Califronia,1
Joanna,Dougliss,New York,5
Lois,Hanwell,NYC,5
Lise,Coite,New York,2
Ronny,Hawley,Calefornie,5
Ram,Dennitts,Calefornie,4
Brigit,Basil,New York City,5
Currie,Leggen,New York,4
Holly,Marner,Newyork,2
Bill,Gristock,NYC,5
Kearney,Millican,Calefornie,3
Natty,Ech,NYC,4
Liana,Rickwood,Calefornie,2
Andriette,Wilcocke,Calfornia,3
Eugenie,Basill,New York City,2
Armando,Spurge,Calfornia,1
Rafaela,Kilvington,Califronia,4
Jan,Strettell,Newyork,3
Alta,Sheara,California,1
Elmore,Vannozzii,California,4
Orion,Akister,California,3
Shae,Brandon,Cali,1
Phyllys,Cadamy,New York,5
Meriel,Filppetti,Cali,5
Emlyn,Brownscombe,California,2
Idelle,Gotter,Califronia,4
Zondra,Sonnenschein,Califronia,5
Jonathan,Sayburn,Calefornie,3
Oberon,Doreward,California,3
Trixie,Gummary,Calfornia,1
Vernor,Waeland,Newyork,4
Free,Hansom,Cali,3
Dex,O'Fihily,Calfornia,3
Doralynne,Sparrowe,New York,1
Jorrie,Normadell,Newyork,2
Edan,Cleve,Califronia,1
Cicely,Adlem,Califronia,5
Kynthia,Sylvester,Calefornie,5
Roosevelt,Caret,New York City,4
Zared,Fitzsimmons,California,3
Nelia,Basso,Cali,2
Waverley,Peers,New York,1
Tris,Bonsall,California,5
Vyky,Alenin,Calfornia,2
Rachele,Asker,Calfornia,3
Gradey,Silk,New York,4
Nanine,Doog,California,5
Logan,Thody,NYC,2
Alford,Camfield,California,4
Kevan,Trout,NYC,2
Harrietta,Deighan,Califronia,5
Alison,Davidovitz,NYC,4
Coop,Geffinger,Calfornia,4
Gordan,Ballingal,New York City,5
Frasier,Skoughman,Cali,5
Sarene,Bedboro,Cali,5
Tait,Niesel,New York City,3
Ivan,Durrad,Calefornie,3
Mattias,Allsopp,Cali,5
Lauritz,McGinn,Calefornie,2
Dillie,Aslen,New York,5
Wilone,McGeoch,NYC,4
Mattias,Josephsen,Calfornia,4
Donica,Amber,Cali,4
Tarra,Nerger,NYC,4
Sibel,Robrose,NYC,3
Libbi,Test,Calefornie,5
Laverne,Laroze,New York City,1
Abdul,Slogrove,Calefornie,4
Aryn,Hugill,Califronia,4
Claresta,Mattes,Calfornia,5
Pavlov,Wharf,New York City,5
Danice,Pinckard,Cali,3
Colette,Noto,NYC,1
Jarret,Vell,New York City,5
Donny,Bairnsfather,NYC,5
Shelby,Vaillant,Calefornie,4
Timmie,Kirlin,Newyork,5
Mirabel,Tolan,Califronia,2
Rodge,MacKerley,Cali,3
Sig,Piburn,Califronia,4
Charlot,Eveleigh,California,1
Filippa,Hazard,NYC,1
Betsey,Geall,Cali,5
Rosalyn,Lillico,Calefornie,5
Martynne,Braams,NYC,5
Barry,Boase,California,3
Dynah,Edmans,NYC,3
Laverna,Buntain,Califronia,2
Alley,Wogden,Calfornia,4
Franky,Ledwich,Calefornie,4
Lind,Hunnam,Newyork,5
Godfree,McCaghan,Calefornie,2
Claude,Bachshell,NYC,2
Lannie,Emanuelov,Newyork,3
Melania,Worrell,Califronia,1
Levi,Levay,New York City,1
Hyacinth,Sineath,Newyork,2
Leeann,Horbart,California,4
Galina,Orris,NYC,5
Shanta,Uttridge,Newyork,4
Amandy,Thain,Califronia,3
Erik,Iltchev,New York City,4
Olag,Pond,Calfornia,2
Bibbie,Gile,Cali,2
Chip,Trevor,Calefornie,3
Neile,Emma,New York City,2
Cord,Gianotti,Cali,1
Gael,Booty,Calfornia,2
Ewen,Rebbeck,NYC,5
Zia,Moretto,Califronia,5
Melvyn,Clinkard,Calefornie,2
Georgie,Gilbanks,New York City,3
Seamus,Dabels,Newyork,2
Genia,Chisnall,New York,4
Gwenora,Grayling,Calefornie,4
Wendie,Wass,New York City,3
Con,Baccas,Califronia,1
Daren,Serjent,NYC,1
Querida,July,New York,4
Vicky,Lay,Cali,2
Marne,Scally,California,5
Bradley,Pavluk,New York,1
Franciskus,Hacksby,Calefornie,2
Sallyanne,Kastel,Calfornia,1
Sonnnie,Blune,Newyork,4
Lester,Saleway,New York,2
Danette,Plessing,NYC,4
Zeke,Guerreiro,California,2
Jessalyn,MacBarron,New York City,4
Tabbie,Kelso,Calfornia,3
Ches,Tett,Califronia,2
Garnet,Lennox,Newyork,2
Hirsch,Brayn,Newyork,5
Orlando,Beazer,New York,2
Carol,Watkiss,New York City,2
Davidde,Bore,New York,1
Cloe,Girardengo,California,3
Olav,Kampshell,NYC,1
Martino,Prentice,Calfornia,2
Baillie,Soans,Newyork,1
Ursula,Davidowsky,New York City,5
Marisa,Hurdedge,Califronia,3
Duffie,Cottam,Newyork,5
Annadiane,Dowry,Califronia,5
Monroe,Rimmer,Califronia,1
Margarete,Whightman,Calfornia,1
Zitella,Slamaker,Califronia,4
Lindi,Burnup,New York,2
Susann,Godthaab,Newyork,2
Crin,Salla,Calfornia,3
Conni,Moncreiff,New York,2
Adamo,Skein,Newyork,4
Brande,Hedgeman,NYC,5
Chaddie,Treasure,California,5
Burg,Boase,Calefornie,2
Mic,Parell,Calefornie,5
Mufi,Tine,Calfornia,5
Hesther,Ferrai,New York City,1
Broderic,Spelwood,Cali,1
Cory,Grimwood,California,5
Bernadina,Orme,Calefornie,2
Meredeth,Scrafton,Calfornia,5
Gilberto,Lasselle,NYC,4
Yank,Cicerone,NYC,5
Annnora,Bennitt,Cali,4
Alberta,Mucklow,Calefornie,5
Tallie,Message,New York City,1
Deanne,Rembrandt,New York,3
Shirlene,Cowans,California,4
Vincent,Oldcroft,Newyork,2
Ashley,Gouthier,California,2
Katinka,Pittson,New York City,1
Adolf,Gainor,New York,3
Birgitta,Cusack,Calefornie,1
Roxanne,Killimister,Cali,5
Guthrie,Marishenko,Calfornia,5
Gunilla,Sehorsch,Califronia,2
Parke,Bittlestone,Cali,1
Ezequiel,Matis,Calefornie,4
Wainwright,McLeod,Califronia,2
Kimble,Kitson,California,3
Harry,Ovitts,New York City,4
Hayyim,Smail,Cali,4
Klaus,Jarrel,NYC,2
Myrna,Bisiker,New York City,3
Nixie,Kopps,Calefornie,4
Elias,McSwan,New York,1
Ester,Mulles,Cali,2
Anderson,Kalinowsky,New York City,2
Linet,Jarrelt,Califronia,5
Julie,Wedgbrow,Califronia,2
Whitby,Kitchiner,Newyork,2
Shell,Hestrop,New York City,4
Auberon,Tidbold,New York,1
Dania,Jerrans,Newyork,5
Daryl,Records,Calfornia,3
Camel,Barlow,Califronia,2
Helenelizabeth,Warnock,Calefornie,5
Darelle,Austin,Calefornie,2
Marleen,O'Lochan,New York,1
Phedra,Doyland,New York,3
Kristopher,Ensten,Califronia,3
Cort,Collishaw,Cali,1
Northrop,Slimm,Califronia,1
Salaidh,Coopey,Calefornie,5
Vittorio,Vice,California,4
Cassandra,Bellerby,Calfornia,5
Bjorn,Janczewski,NYC,3
Silvano,Alcide,Calefornie,5
Molly,Fitchew,NYC,5
Otto,Cerro,Newyork,2
Austin,Cherry,NYC,3
Gusty,Hallaways,New York,5
Dacia,Wudeland,Calfornia,4
Alberik,Lamswood,Cali,3
Casey,Goundsy,New York,5
Lionello,Sedgmond,New York,4
Warner,Duffield,Cali,5
Nettie,Woller,Calefornie,4
Julianna,Emanulsson,California,2
Rosalia,Bodham,Calefornie,1
Odo,Zettler,Cali,4
Brandie,Crabtree,Newyork,3
Gerik,Zeal,California,5
Allen,Cayford,Newyork,4
Alisander,Selcraig,Calfornia,4
Parnell,Iacobo,Calfornia,1
Bertram,McAirt,New York City,3
Peter,Concannon,Califronia,1
Kary,MacLardie,California,1
